[
    {
        "username": "ASDF",
        "id": 1,
        "comment": "Sample comment"
    },
    {
        "username": "ASDF",
        "id": 1,
        "comment": "Sample comment"
    },
    {
        "username": "ASDF",
        "id": 1,
        "comment": "Sample comment"
    },
    {
        "username": "ASDF",
        "id": 1,
        "comment": "Sample comment"
    },
    {
        "username": "ASDF",
        "id": 1,
        "comment": "Sample comment"
    },
    {
        "username": "ASDF",
        "id": 1,
        "comment": "Sample comment"
    },
    {
        "username": "ASDF",
        "id": 1,
        "comment": "Sample comment"
    },
    {
        "id": 2
    },
    {
        "id": 3
    },
    {
        "id": 4,
        "comment": "asdasdasd"
    },
    {
        "id": 5,
        "comment": "asdadfds"
    }
]