[
    {
        "id": 1
    },
    {
        "name": "Liam McCabe",
        "Comment": "Now It works",
        "id": 2,
        "email": "email me"
    },
    {
        "name": "Liam McCabe",
        "Comment": "Now It works",
        "id": 3,
        "email": "email me"
    },
    {
        "name": "Liam McCabe",
        "Comment": "Now It works",
        "id": 4,
        "email": "email me"
    },
    {
        "name": "asd",
        "id": 5,
        "Comment": "asd",
        "email": "asd"
    }
]