[
    {
        "username": "ASDF",
        "comment": "222222",
        "id": 1
    },
    {
        "username": "ASDF",
        "id": 2,
        "comment": "Sample comment"
    },
    {
        "username": "ASDF",
        "comment": "Well",
        "id": 3
    },
    {
        "username": "ASDF",
        "id": 4,
        "comment": "Sample comment"
    },
    {
        "username": "ASDF",
        "id": 5,
        "comment": "Sample comment"
    },
    {
        "username": "ASDF",
        "id": 6,
        "comment": "Sample comment"
    },
    {
        "username": "ASDF",
        "id": 7,
        "comment": "Sample comment"
    },
    {
        "username": "ASDF",
        "id": 8,
        "comment": "Sample comment"
    }
]