[
    {
        "Type": "Semi detached",
        "id": 3,
        "Description": "This is a very nice house with two bathrooms and a large garden",
        "Address": "45 spudefield avenue, D13 WI23",
        "Contact": "Kelly",
        "Email": "kelly@gmail.com",
        "Number": "086548535",
        "Image": "farmhouse.jpg"
    },
    {
        "Type": "Semi detached",
        "id": 4,
        "Description": "This is a very nice house with two bathrooms and a large garden",
        "Address": "45 spudefield avenue, D13 WI23",
        "Contact": "Kelly",
        "Email": "kelly@gmail.com",
        "Number": "086548535",
        "Image": "holidayhome.jpg"
    },
    {
        "Type": "Semi detached",
        "id": 5,
        "Description": "This is a very nice house with two bathrooms and a large garden",
        "Address": "45 spudefield avenue, D13 WI23",
        "Contact": "Kelly",
        "Email": "kelly@gmail.com",
        "Number": "086548535",
        "Image": "largehouse.jpg"
    },
    {
        "Type": "Semi detached",
        "id": 6,
        "Description": "This is a very nice house with two bathrooms and a large garden",
        "Address": "45 spudefield avenue, D13 WI23",
        "Contact": "Kelly",
        "Email": "kelly@gmail.com",
        "Number": "086548535",
        "Image": "mansion.jpg"
    },
    {
        "Type": "asd",
        "id": 7,
        "Description": "asd",
        "Address": "asd",
        "phoneNum": "asd",
        "Email": "asd@gas.com",
        "Contact": "asd"
    }
]